points,X,Y,Class
georgetti,18.447959,-66.071101,residencias 
labra,18.450389,-66.074163,escuelas
gonzalezcuyar,18.44718,-66.064,residencias 
aboy-lompre,18.454393,-66.080667,residencias 
sagrado,18.442527,-66.059283,escuelas
sanmateo,18.444296,-66.06345,religioso
paramount,18.449533,-66.072314,cine
cementerio,18.439581,-66.049109,cementerio
sanatorio,18.440011,-66.048466,hospitales
presbiteriano,18.455851,-66.065632,hospitales
elchevere,18.446305,-66.068343,comercios
asiloninos,18.448877,-66.07267,escuelas
hospitalmunicipal,18.448538,-66.066387,hospitales
teatroriviera,18.451815,-66.063893,cine