points,file name,Nombre,Imagen de,Construido/a en,Descripción,Fuente Imagen,Referencias
georgetti,georgetti.webp,Mansión Georgetti,1933,1923,"Propiedad del magnate azucarero Eduardo Georgetti y su esposa, Aurea Balseiro Dávila. ",Library of Congress,"Historic American Buildings Survey, C. & Nechodoma, A. (1933) Giorgetti, Eduardo, House, Ponce de Leon Avenue, Santurce, San Juan, San Juan Municipio, PR. San Juan San Juan Municipio Puerto Rico, 1933. Documentation Compiled After. [Photograph] Retrieved from the Library of Congress, https://www.loc.gov/item/pr0062/."
georgetti,georgetti2.webp,Mansión Georgetti,1933,1923,Diseñada por el arquitecto checo Antonin Nechodoma.,Archivo de Arquitectura y Construcción de la Universidad de Puerto Rico,
georgetti,georgetti3.webp,Mansión Georgetti,1933,1923,,Library of Congress,
georgetti,georgetti4.webp,Mansión Georgetti,1933,1923,,Library of Congress,
georgetti,georgetti5.webp,Mansión Georgetti,1933,1923,,Library of Congress,
georgetti,georgetti6.webp,Mansión Georgetti,1933,1923,Fue demolida en 1971.,Library of Congress,
labra,labra.webp,Escuela Rafael María de Labra ,c. 1918,1916,Diseñada por el arquitecto neoyorquino Adrian C. Finlayson al estilo del resurgimiento georgiano. Actualmente es la sede del Museo de Arte Contemporáneo. ,Library of Congress,"GeoIsla. (2018, 19 de agosto). Escuela Labra en San Juan (c. 1918). https://www.geoisla.com/2018/08/escuela-labra-en-san-juan-c-/"
labra,labra2.webp,Escuela Rafael María de Labra ,c. 1940,1916,,National Archives Catalog,"Cruz Monclova, Lidio. “Historia de Puerto Rico (Siglo XIX)”, Tomo III, Primera parte (1885-1898). Reimpresión de 1962. Río Piedras: Editorial de la Universidad de Puerto Rico, 1979."
labra,labra3.webp,Escuela Rafael María de Labra ,c. 1918,1916,Portada de la revista Puerto Rico Ilustrado del 11 de mayo de 1918 muestra a estudiantes de la escuela Rafael M. Labra.,Digital Library of the Caribbean (dLOC),"EnciclopediaPR. (2025, 25  de abril). Escuela Rafael María de Labra, actual Museo de Arte Contemporáneo de Puerto Rico. https://enciclopediapr.org/content/escuela-rafael-labra-mac/"
gonzalezcuyar,gonzalez.webp,Casa González Cuyar,s.f. ,1910-1913,Fue hogar del matrimonio de Rafael María González y Luisa Cuyar. Construida por el arquitecto Rafael del Valle Zeno bajo estilo pradera (prairie style) con elementos victorianos y franceses. Hoy día alberga el Colegio de Arquitectos y Arquitectos Paisajistas de Puerto Rico ,Colección Rafael y Carlos del Valle Zeno del Archivo de Arquitectura y Construcción de la Universidad de Puerto Rico (AACUPR).,"""90 Grados. (2024, 15 de junio). Antigua Casa González Cuyar: Un Tesoro Preservado en Santurce. 90grados. https://90grados.com/diseno/casa-gonzalez-cuyar

90Grados. (2023, 10 de agosto). Nominan sede del CAAPPR al Registro Nacional de Lugares Históricos. 90Grados. https://90grados.com/arquitectura/nominan-sede-del-caappr-al-registro-nacional-de-lugares-historicos"""
aboy-lompre,aboy.webp,Residencia Aboy-Lompré,s.f. ,1920,"Diseñada en estilo ""prairie house"" por los ingenieros Miguel Ferrer y Francisco Pons. Fue la residencia de la familia Aboy-Ferrer. Posteriormente, se convirtió en centro cultural, siendo la primera galería fotográfica de Puerto Rico. A lo largo de su historia, ha servido como un espacio de expresión  artística y cultural y sede de varias instituciones, como la Asociación de Periodistas. ",9 Millones,"""Charrón, J. (2018, 14 de agosto. La lucha por mantener abierta Casa Aboy. Periódico Claridad. https://claridadpuertorico.com/la-lucha-por-mantener-abierta-casa-aboy/

9 millones. (2025, 9 de mayo). Casa Aboy: 50 años defendiendo la cultura puertorriqueña. 9millones. https://www.9millones.com/story/casa-aboy-50-anos-defendiendo-la-cultura-puertorriquena"""
aboy-lompre,aboy2.webp,Residencia Aboy-Lompré,1979,1920,,El Mundo Digital Archive,
sagrado,,,,,,,
sanmateo,,,,,,,
paramount,,,,,,,
cementerio,cementerio.webp,Cementerio de Villa Palmeras,c. 1898-1917,1909,"Originalmente conocido como el Cementerio de Santurce, es uno de los cementerios más antiguos de Puerto Rico. En este cementerio yacen los restos de figuras claves de la música como Rafael Cortijo, Don Rafael Cepeda, Petra Cepeda, Pellín Rodríguez, Ismael Rivera, el Cano Estremera, Tommy Olivencia, Tito Matos, entre otros.","Colección de Fotografías de A. Moscioni de la Colección Puertorriqueña, UPR- Río Piedras","Solla, I. & Torres, J. (2025, 5 de mayo). Historias entre tumbas: la joya histórica en Villa Palmeras. Telemundo PR. https://www.telemundopr.com/noticias/telenoticias/historia-entre-tumbas-en-villa-palmeras/2713077/"
cementerio,cementerio2.webp,Cementerio de Villa Palmeras,c. 1898-1918,1909,El pórtico y el arco de entrada originales ya no se conservan en pie.,"Colección de Fotografías de A. Moscioni de la Colección Puertorriqueña, UPR- Río Piedras","Solla, I. & Torres, J. (2025, 5 de mayo). Historias entre tumbas: la joya histórica en Villa Palmeras. Telemundo PR. https://www.telemundopr.com/noticias/telenoticias/historia-entre-tumbas-en-villa-palmeras/2713077/"
cementerio,cementerio3.webp,Cementerio de Villa Palmeras,s.f. ,1909,Vendedores de flores en las afueras del cementerio. ,Foto del Reportaje especial de Ivonne Solla para Telemundo,"Solla, I. & Torres, J. (2025, 5 de mayo). Historias entre tumbas: la joya histórica en Villa Palmeras. Telemundo PR. https://www.telemundopr.com/noticias/telenoticias/historia-entre-tumbas-en-villa-palmeras/2713077/"
sanatorio,,,,,,,
presbiteriano,,,,,,,
elchevere,elchevere.webp,Restaurante El Chévere,c. 1949-1954,,"El Chévere fue un restaurante icónico donde se reunian figuras prominentes de la cultura, el arte y la política puertorriqueña. ",Colección Samuel Santiago de la Fundación Luis Muñoz Marín,
elchevere,elchevere2.webp,Restaurante El Chévere,s.f. ,,,Juan Pérez Bolivar,
elchevere,elchevere3.webp,Restaurante El Chévere,,,Menú del restaurante publicado en el periódico El Mundo el 25 de marzo de 1937.,El Mundo Digital Archive,
asiloninos,asiloninos.webp,Asilo de caridad para niños,c. 1921,1880,"Originalmente estuvo a cargo de la Orden Jesuita y posteriormente se convirtió en el Instituto de Segunda Enseñanza de los Padres Escolapios. A los chicos de octavo grado se les enseña carpintería, uso del cemento, fontanería, sastrería y fabricación de calzado.",Puerto Rico Ilustrado,
hospitalmunicipal,hospitalmunicipal.webp,Hospital Municipal de San Juan,c. 1920,1924-1928,"El Hospital Municipal fue diseñado por el Arq. William Schimmelpfennig como un hospital de cirugía y maternidad. En su momento, fue el hospital más grande de Puerto Rico. Cerró sus puertas en 1966. Hoy día, es la sede del Museo de Arte de Puerto Rico.",Colección Puertorriqueña,Museo de Arte de Puerto Rico. (s.f.) From a Hospital to a Museum. Google Arts and Culture. https://artsandculture.google.com/story/5AVx_ALYdKTjAw?hl=en
hospitalmunicipal,hospitalmunicipal2.webp,Hospital Municipal de San Juan,1928,1924-1928,"El Hospital Municipal fue diseñado por el Arq. William Schimmelpfennig como un hospital de cirugía y maternidad. En su momento, fue el hospital más grande de Puerto Rico. Cerró sus puertas en 1966. Hoy día, es la sede del Museo de Arte de Puerto Rico.",Colección Puertorriqueña,Museo de Arte de Puerto Rico. (s.f.) From a Hospital to a Museum. Google Arts and Culture. https://artsandculture.google.com/story/5AVx_ALYdKTjAw?hl=en
teatroriviera,teatroriviera.webp,Teatro Riviera,s.f. ,Finales de d_cada 1930,"El Hospital Municipal fue diseñado por el Arq. William Schimmelpfennig como un hospital de cirugía y maternidad. En su momento, fue el hospital más grande de Puerto Rico. Cerró sus puertas en 1966. Hoy día, es la sede del Museo de Arte de Puerto Rico.",El Calce,"Nu–ez Miranda, A. (2019, 10 de noviembre). CR—NiCa | El teatro Riviera, un alma que se le extravi— a Santurce. El Calce. https://www.elcalce.com/contexto/cronica-teatro-riviera-alma-se-le-extravio-santurce/"
teatroriviera,teatroriviera2.webp,Teatro Riviera,s.f. ,Finales de d_cada 1931,"El Hospital Municipal fue diseñado por el Arq. William Schimmelpfennig como un hospital de cirugía y maternidad. En su momento, fue el hospital más grande de Puerto Rico. Cerró sus puertas en 1966. Hoy día, es la sede del Museo de Arte de Puerto Rico.",El Calce,"Nu–ez Miranda, A. (2019, 10 de noviembre). CR—NiCa | El teatro Riviera, un alma que se le extravi— a Santurce. El Calce. https://www.elcalce.com/contexto/cronica-teatro-riviera-alma-se-le-extravio-santurce/"