file,Barrio,X,Y,Descripción 
elfanguito,El Fanguito,18.441874,-66.079102,"El Fanguito fue una de las comunidades urbanas establecidas  sobre los mangles del Caño Martín Peña.  Llegó a albergar a miles de personas en casas elevadas sobre pilotes para lidiar con las constantes inundaciones. El Fanguito fue uno de los primeros arrabales en San Juan que surgió en la década de 1920 debido a la falta de vivienda para trabajadores agrícolas que se desplazaron a la ciudad ante el declive de la industria del azúcar. 

En la década de 1940, el gobierno de Puerto Rico impulsó medidas para la erradicación de arrabales, designados como Zonas M. Bajo premisas de sanidad pública y erradicación de la pobreza, el gobierno abrió paso para el desarrollo portuario e industrial en lo que fue El Fanguito. Las precarias viviendas de zinc y madera fueron demolidas y sus residentes desplazados a los nuevos proyectos de vivienda pública al este de Santurce. 

Lo que fue el En Fanguito en su momento, hoy día es parte del Parque Central, el Departamento de Recreación y Deportes, el Expreso John F. Kennedy y la Avenida Luis Muñoz Rivera. 

Encarnación Burgos, A. E.(2022). Los distritos “M” y la producción colonial del espacio: rompiendo silencios para entender la desigualdad en San Juan. Contemporánea, 16(2), 11-40.

Villanueva, J. (2023, 25 de febrero). Planning with Fanon: The Puerto Rico Planning Board and Alienation in San Juan. The Caribbean Philosophical Association. https://caribbeanphilosophy.org/blog/planning-fanon"
laplayita,La Playita,18.454613,-66.076436,"La Playita era una comunidad de aproximadamente 42 casas ubicadas a orillas de la Laguna de Condado. Fue destruido en la década de 1950 para dar paso a la construcción de la Avenida Baldorioty de Castro. Hoy día, se encuentra allí el Parque Jaime Benitez."
minillas,Minillas,18.448133,-66.067957,"En la década de 1950, familias del barrio Minillas fueron desplazadas y reubicadas en el residencial público Luis Llorens Torres. De esta forma, el gobierno de Puerto Rico se apropió de los terrenos donde planificaba construir el Centro de Gobierno bajo discursos de modernidad. Allí también se construyó el Tunel Minillas a finales de la década de 1970. En los terrenos restantes, se construyó el Centro de Bellas Artes de Santurce, el cual fue inagurado en 1981. En el plano de Santurce de 1917 (ver Mapas Históricos), se puede apreciar la abundancia de estructuras en la zona de Minillas. 

Referencias

Díaz, J. (2025, 29 de marzo). Centro de Bellas Artes de Santurce: 44 años de muchos recuerdos. El Nuevo Día. https://www.elnuevodia.com/entretenimiento/cultura/fotogalerias/centro-de-bellas-artes-de-santurce-44-anos-de-muchos-recuerdos/

Encarnación Burgos, A. E. (2021). Becoming urban: a historical ethnography of Puerto Rico's development/planning ensemble and its spatial production in Santurce (1940-1960) (Doctoral dissertation)."
cantera,Cantera,18.430422,-66.043112,"Cantera fue un barrio marginal ubicado al oeste de la Laguna San José y al norte del Caño Martín Peña. De esta zona, se extrajo las piedras que se utilizaron para rellenar los humedales de Isla Grande, donde ubica el primer aeropuerto de Puerto Rico, así como otras partes de Santurce y Hato Rey. Cantera fue parte de la finca Seboruco, propiedad de José A. Rexach. A Cantera llegaron familias provenientes de arrabales en Puerta de Tierra, otros arrabales de Santurce como El Fanguito, y trabajadores de zonas rurales de Puerto Rico que se mobilizaron a ciudad en búsqueda de empleo.Cantera está compuesto por otros subsectores como El Último Chance, Corea (fotos 1-3), Condadito, Cocaleca, los Bravos de Boston). Partes de Cantera fueron alquiladas al ejército de los Estados Unidos durante la Primera Guerra Mundial para instalar un campamento militar. Hoy día, este barrio se conoce como Las Casas."
buenosaires,Buenos Aires ,18.437826,-66.063255,"Este barrio fue removido para dejar libre la vía de paso de la Avenida Muñoz Rivera. En el proceso de expropiación, se dividió el área entre Buenos Aires 1 y Buenos Aires 2. En total, vivían más de 2,000 familias que fueron reubicadas en residenciales públicos en Sabana Llana y San José."
